2025-12-10T12:59:37.648720, 0.0000 0.0000 0.0000 0.0000 0.0000 0.16 0.03
2025-12-10T12:59:37.695212, -0.1196 0.0449 -0.0748 -0.2094 -0.0598 0.16 0.03
2025-12-10T12:59:37.742247, -0.3292 0.0543 -0.0805 -0.5276 -0.1272 0.16 0.03
2025-12-10T12:59:37.789767, -0.5578 0.1673 -0.2500 -0.7617 -0.1415 0.16 0.03
2025-12-10T12:59:37.837489, -0.6237 0.1616 -0.2342 -1.0565 0.0704 0.16 0.03
2025-12-10T12:59:37.885032, -0.6662 0.1865 -0.2351 -1.3747 0.0469 0.16 0.03
2025-12-10T12:59:37.931947, -0.5538 0.1036 -0.2059 -1.5934 -0.0934 0.16 0.03
2025-12-10T12:59:37.979178, -0.5147 0.2851 -0.1653 -1.7250 -0.1416 0.16 0.04
2025-12-10T12:59:38.026029, -0.6298 0.2797 -0.1595 -1.7052 -0.0792 0.16 0.03
2025-12-10T12:59:38.074309, -0.7605 0.2898 -0.0796 -1.8668 0.0055 0.16 0.03
2025-12-10T12:59:38.121026, -0.8300 0.3284 -0.1739 -2.0078 -0.0249 0.16 0.04
2025-12-10T12:59:38.168058, -0.9355 0.2725 -0.0473 -1.8616 -0.0366 0.16 0.03
2025-12-10T12:59:38.215010, -0.9979 0.2682 -0.0707 -1.9121 -0.1216 0.16 0.03
2025-12-10T12:59:38.262163, -0.9924 0.2046 0.0732 -1.9707 0.1029 0.16 0.04
2025-12-10T12:59:38.309561, -0.9573 0.1337 0.0798 -1.9167 0.0756 0.16 0.03
2025-12-10T12:59:38.357145, -0.9113 0.1612 0.0707 -1.9883 0.1562 0.16 0.03
2025-12-10T12:59:38.403893, -0.9602 0.1254 0.0477 -2.0952 0.3017 0.16 0.03
2025-12-10T12:59:38.451715, -0.7487 0.1837 0.0574 -1.9041 0.2348 0.16 0.03
2025-12-10T12:59:38.498596, -0.7422 0.4591 0.0359 -1.9901 0.1461 0.16 0.03
2025-12-10T12:59:38.545072, -0.7811 0.3416 -0.0576 -2.1245 0.2178 0.16 0.03
2025-12-10T12:59:38.593025, -0.8000 0.4030 -0.0201 -2.0922 0.4003 0.16 0.03
2025-12-10T12:59:38.640138, -0.8911 0.2323 -0.0320 -2.1379 0.3509 0.16 0.03
2025-12-10T12:59:38.687007, -0.8361 0.1872 -0.0274 -2.1921 0.4420 0.16 0.03
2025-12-10T12:59:38.734747, -0.8473 0.1774 0.0064 -2.2390 0.2376 0.16 0.03
2025-12-10T12:59:38.782032, -0.7074 0.5128 -0.0984 -1.9801 0.0882 0.16 0.03
2025-12-10T12:59:38.829058, -0.7339 0.4479 0.0040 -2.1411 0.0916 0.16 0.03
2025-12-10T12:59:38.876642, -0.7269 0.3908 0.0191 -2.2816 0.0497 0.16 0.03
2025-12-10T12:59:38.923884, -0.9150 0.5051 0.0921 -2.3741 -0.1815 0.16 0.03
2025-12-10T12:59:38.971702, -0.9002 0.4407 0.1712 -2.5143 -0.2497 0.16 0.03
2025-12-10T12:59:39.013242, -0.8869 0.3840 0.1657 -2.5017 -0.3094 0.16 0.03
2025-12-10T12:59:39.060976, -0.8300 0.3790 0.0711 -2.5496 -0.3766 0.16 0.03
2025-12-10T12:59:39.108653, -0.7350 0.3446 0.0628 -2.6057 -0.3756 0.16 0.03
2025-12-10T12:59:39.161016, -0.7261 0.7180 0.1902 -2.6091 -0.2251 0.16 0.03
2025-12-10T12:59:39.207982, -0.7629 0.5519 0.1224 -2.6411 -0.3322 0.16 0.03
2025-12-10T12:59:39.255186, -0.9744 0.2714 0.0778 -2.6083 -0.2915 0.16 0.03
2025-12-10T12:59:39.302851, -0.7857 0.2645 0.0536 -2.5786 -0.2108 0.16 0.03
2025-12-10T12:59:39.349313, -0.8143 0.4377 0.4063 -2.6414 -0.2446 0.16 0.03
2025-12-10T12:59:39.397109, -0.8391 0.3802 0.5061 -2.6208 -0.2891 0.16 0.03
2025-12-10T12:59:39.443985, -0.9203 0.2997 0.3842 -2.5269 -0.2832 0.16 0.03
2025-12-10T12:59:39.488444, -0.9315 0.4533 0.5014 -2.5334 -0.2630 0.16 0.03
2025-12-10T12:59:39.539128, -1.0157 0.4084 0.4096 -2.4634 -0.3349 0.16 0.03
2025-12-10T12:59:39.586854, -1.0892 0.3390 0.2542 -2.4908 -0.2334 0.16 0.03
2025-12-10T12:59:39.633423, -1.1534 0.3378 0.2075 -2.4093 -0.1890 0.16 0.03
2025-12-10T12:59:39.678861, -0.9848 0.1422 0.2263 -2.5313 -0.2248 0.16 0.03
2025-12-10T12:59:39.726525, -0.9264 0.1201 0.2726 -2.5478 -0.4655 0.16 0.03
2025-12-10T12:59:39.774422, -0.9645 0.1156 0.2533 -2.4266 -0.5569 0.16 0.03
2025-12-10T12:59:39.821958, -0.9827 0.0219 0.1764 -2.3943 -0.6219 0.16 0.03
2025-12-10T12:59:39.869043, -1.0431 0.0892 0.0491 -2.4548 -0.6189 0.16 0.03
2025-12-10T12:59:39.916385, -0.9462 -0.0462 0.2065 -2.5817 -0.4964 0.16 0.03
2025-12-10T12:59:39.964209, -0.9655 -0.0303 0.2101 -2.6473 -0.4486 0.16 0.03
2025-12-10T12:59:40.011432, -0.9970 -0.0613 0.0785 -2.5992 -0.3765 0.16 0.03
2025-12-10T12:59:40.058906, -0.8150 0.2107 -0.0071 -2.6458 -0.4777 0.16 0.03
2025-12-10T12:59:40.106046, -0.8344 0.1501 0.1272 -2.5811 -0.4466 0.16 0.03
2025-12-10T12:59:40.153912, -0.9259 0.1418 0.1103 -2.5383 -0.3594 0.16 0.03
2025-12-10T12:59:40.201213, -0.8264 0.2690 0.1105 -2.5447 -0.3875 0.16 0.03
2025-12-10T12:59:40.248300, -1.0230 0.3357 0.2003 -2.3101 -0.2025 0.16 0.03
2025-12-10T12:59:40.295342, -0.9708 0.3641 0.2192 -2.2830 -0.0851 0.16 0.03
2025-12-10T12:59:40.343019, -0.9994 0.4787 0.2507 -2.3480 -0.0269 0.16 0.03
2025-12-10T12:59:40.390608, -0.9194 0.4146 0.3380 -2.3445 0.0092 0.16 0.03
2025-12-10T12:59:40.438250, -0.9088 0.3282 0.1753 -2.3405 0.0708 0.16 0.03
2025-12-10T12:59:40.486016, -1.0187 0.3571 0.0773 -2.3660 0.1099 0.16 0.03
2025-12-10T12:59:40.533695, -1.0400 0.3224 0.0062 -2.4773 0.0394 0.16 0.03
2025-12-10T12:59:40.581833, -1.0583 0.2321 0.2130 -2.3497 -0.0673 0.16 0.03
2025-12-10T12:59:40.629118, -1.0142 0.4967 0.1552 -2.3566 0.0485 0.16 0.03
2025-12-10T12:59:40.678244, -1.1396 0.4146 -0.0452 -2.3468 -0.0144 0.16 0.03
2025-12-10T12:59:40.726250, -1.0998 0.2676 -0.1612 -2.3224 -0.0397 0.16 0.03
2025-12-10T12:59:40.773550, -1.0793 0.2284 -0.0385 -2.2853 -0.0170 0.16 0.03
2025-12-10T12:59:40.821066, -1.1806 0.1041 -0.1702 -2.1322 -0.0868 0.16 0.03
2025-12-10T12:59:40.868304, -1.2541 0.0847 -0.1810 -2.2215 -0.0732 0.16 0.03
2025-12-10T12:59:40.915508, -1.2433 0.0977 -0.0259 -2.3139 -0.1061 0.16 0.03
2025-12-10T12:59:40.963527, -1.2933 0.0341 -0.0991 -2.4091 -0.0901 0.16 0.03
2025-12-10T12:59:41.010698, -1.2320 0.0532 -0.1035 -2.3273 -0.2406 0.16 0.03
2025-12-10T12:59:41.058427, -1.1777 0.1747 -0.0475 -2.3594 -0.2229 0.16 0.03
2025-12-10T12:59:41.106129, -1.1446 0.2811 -0.1181 -2.4017 -0.2372 0.16 0.03
2025-12-10T12:59:41.153015, -0.9956 0.2099 -0.1949 -2.3182 -0.3544 0.16 0.03
2025-12-10T12:59:41.200847, -0.9990 0.2221 0.0818 -2.3040 -0.3374 0.16 0.03
2025-12-10T12:59:41.248629, -1.1064 0.3674 -0.0045 -2.2907 -0.1580 0.16 0.03
2025-12-10T12:59:41.295827, -1.0805 0.2255 -0.0204 -2.3380 -0.1799 0.16 0.03
2025-12-10T12:59:41.343163, -1.1173 0.2206 -0.1540 -2.3039 -0.1841 0.16 0.03
2025-12-10T12:59:41.390774, -1.2089 0.3358 -0.0319 -2.1834 -0.3074 0.16 0.03
2025-12-10T12:59:41.439163, -1.2141 0.3471 -0.0593 -2.1666 -0.2958 0.16 0.03
2025-12-10T12:59:41.486073, -1.1734 0.2820 -0.1730 -2.1361 -0.2107 0.16 0.03
2025-12-10T12:59:41.533822, -1.2569 0.3295 -0.0485 -2.1834 -0.3902 0.16 0.03
2025-12-10T12:59:41.580813, -1.2848 0.4907 0.0309 -2.0297 -0.4579 0.16 0.03
2025-12-10T12:59:41.628292, -1.0995 0.6470 0.1604 -2.2082 -0.5619 0.16 0.03
2025-12-10T12:59:41.675879, -1.2056 0.7838 0.1393 -2.3191 -0.6380 0.16 0.06
2025-12-10T12:59:41.722960, -1.1638 0.7091 0.0610 -2.3408 -0.5550 0.16 0.03
2025-12-10T12:59:41.770911, -1.0818 0.5836 0.3063 -2.4039 -0.4521 0.16 0.03
2025-12-10T12:59:41.817834, -1.0542 0.4583 0.2821 -2.1742 -0.3766 0.16 0.03
2025-12-10T12:59:41.866186, -1.0297 0.6024 0.3506 -2.1514 -0.4896 0.16 0.03
2025-12-10T12:59:41.913229, -1.0677 0.5790 0.3058 -2.1754 -0.5139 0.16 0.03
2025-12-10T12:59:41.961377, -1.0856 0.5434 0.2963 -2.2406 -0.4302 0.16 0.03
2025-12-10T12:59:42.008894, -1.1160 0.5867 0.1533 -2.3269 -0.3717 0.16 0.03
2025-12-10T12:59:42.055777, -0.9926 0.5647 0.0577 -2.4018 -0.3651 0.16 0.03
2025-12-10T12:59:42.103829, -1.0186 0.4554 0.0486 -2.3919 -0.3890 0.16 0.03
2025-12-10T12:59:42.150825, -1.0561 0.4491 0.2050 -2.4122 -0.3501 0.16 0.04
2025-12-10T12:59:42.198191, -0.9389 0.4435 0.1927 -2.3245 -0.3009 0.16 0.03
2025-12-10T12:59:42.245775, -0.9406 0.4384 0.1369 -2.3962 -0.3772 0.16 0.03
2025-12-10T12:59:42.293749, -0.9117 0.5384 0.0281 -2.3237 -0.3543 0.16 0.03
2025-12-10T12:59:42.341016, -0.9908 0.4165 0.1271 -2.3340 -0.2892 0.16 0.03
2025-12-10T12:59:42.388512, -1.0149 0.4590 0.0942 -2.1478 -0.3666 0.16 0.03
2025-12-10T12:59:42.436011, -0.9310 0.5710 0.0952 -1.7144 -0.2549 0.16 0.03
2025-12-10T12:59:42.483253, -0.9169 0.4446 0.0512 -1.7823 -0.2914 0.16 0.03
2025-12-10T12:59:42.531292, -0.7098 0.4234 0.0276 -1.7813 -0.2785 0.16 0.03
2025-12-10T12:59:42.579215, -0.5727 0.4494 0.0069 -1.7799 -0.2671 0.16 0.03
2025-12-10T12:59:42.627351, -0.5718 0.4721 0.0485 -1.8378 -0.4065 0.16 0.03
2025-12-10T12:59:42.674723, -0.4662 0.5666 -0.0796 -1.8879 -0.4389 0.16 0.03
2025-12-10T12:59:42.721818, -0.5677 0.4699 -0.1320 -1.8863 -0.2578 0.16 0.03
2025-12-10T12:59:42.769547, -0.6417 0.4147 -0.1182 -1.8693 -0.2035 0.16 0.03
2025-12-10T12:59:42.817003, -0.6465 0.3662 -0.2257 -1.9734 -0.1708 0.16 0.03
2025-12-10T12:59:42.865124, -0.7103 0.3833 -0.3049 -1.9443 -0.1719 0.16 0.03
2025-12-10T12:59:42.912245, -0.8109 0.4431 -0.0304 -2.0078 -0.1130 0.16 0.03
2025-12-10T12:59:42.960176, -0.7942 0.4356 0.1806 -1.9282 -0.2258 0.16 0.03
2025-12-10T12:59:43.008982, -0.6147 0.6980 0.0516 -1.8278 -0.1602 0.16 0.03
2025-12-10T12:59:43.055700, -0.6514 0.6588 0.0132 -1.7988 -0.1474 0.16 0.03
2025-12-10T12:59:43.103898, -0.8180 0.7737 0.0393 -1.8027 -0.2258 0.16 0.03
2025-12-10T12:59:43.150902, -0.8593 0.8593 -0.0126 -1.8503 -0.1899 0.16 0.03
2025-12-10T12:59:43.198498, -0.8353 0.7097 -0.0282 -1.8316 -0.2480 0.16 0.03
2025-12-10T12:59:43.245976, -0.8737 0.4138 -0.0568 -1.7995 -0.3438 0.16 0.03
2025-12-10T12:59:43.293727, -0.8773 0.4231 -0.0520 -1.8605 -0.3081 0.16 0.03
2025-12-10T12:59:43.342474, -0.9399 0.3414 -0.1375 -2.0031 -0.2318 0.16 0.03
2025-12-10T12:59:43.389485, -1.0244 0.2697 -0.2125 -2.0227 -0.4638 0.16 0.03
2025-12-10T12:59:43.437180, -0.9934 0.2066 -0.1884 -1.9944 -0.4429 0.16 0.03
2025-12-10T12:59:43.484640, -0.9809 0.2559 -0.1374 -2.0735 -0.4244 0.16 0.03
2025-12-10T12:59:43.532249, -0.9995 0.2841 0.1917 -2.1122 -0.4529 0.16 0.03
2025-12-10T12:59:43.580355, -1.0303 0.3685 0.1064 -2.0258 -0.2833 0.16 0.03
2025-12-10T12:59:43.628274, -1.1169 0.1584 0.0465 -2.0240 -0.2241 0.16 0.03
2025-12-10T12:59:43.676219, -1.1625 0.1683 -0.0360 -2.0217 -0.1871 0.16 0.03
2025-12-10T12:59:43.723659, -1.0525 0.2667 -0.0635 -1.9891 -0.3191 0.16 0.03
2025-12-10T12:59:43.770615, -1.0005 0.0837 -0.0427 -1.9149 -0.5693 0.16 0.03
2025-12-10T12:59:43.818055, -1.0144 0.2522 0.1700 -1.9837 -0.5195 0.16 0.03
2025-12-10T12:59:43.865623, -0.9215 0.2653 0.1022 -1.9536 -0.5504 0.16 0.03
2025-12-10T12:59:43.912803, -0.8396 0.3216 0.0128 -2.0013 -0.4726 0.16 0.03
2025-12-10T12:59:43.960847, -0.8423 0.5803 -0.0356 -2.0424 -0.3593 0.16 0.03
2025-12-10T12:59:44.008707, -0.8144 0.5228 -0.0482 -1.8235 -0.1550 0.16 0.03
2025-12-10T12:59:44.055552, -0.7000 0.5769 0.2398 -1.8700 -0.2450 0.16 0.03
2025-12-10T12:59:44.102983, -0.7787 0.3101 0.1634 -1.8503 -0.0995 0.16 0.03
2025-12-10T12:59:44.150872, -0.8475 0.2255 0.0964 -1.9670 -0.0466 0.16 0.03
2025-12-10T12:59:44.198865, -0.8627 0.2110 0.1123 -2.1584 -0.0450 0.16 0.03
2025-12-10T12:59:44.246538, -0.9506 0.2281 0.0066 -2.0415 -0.1334 0.16 0.03
2025-12-10T12:59:44.293856, -0.9525 0.4075 0.1830 -2.2073 -0.1959 0.16 0.03
2025-12-10T12:59:44.341079, -0.9987 0.3554 0.1732 -2.1575 -0.3404 0.16 0.03
2025-12-10T12:59:44.388677, -0.9940 0.3395 0.1346 -2.1580 -0.3773 0.16 0.03
2025-12-10T12:59:44.435993, -1.0792 0.2805 0.2952 -2.0679 -0.3049 0.16 0.03
2025-12-10T12:59:44.482859, -1.0190 0.1988 0.2863 -2.0778 0.0280 0.16 0.03
2025-12-10T12:59:44.529964, -0.8463 0.1569 0.3832 -1.9811 -0.0389 0.16 0.03
2025-12-10T12:59:44.577361, -0.8289 0.0902 0.2736 -2.0301 -0.1425 0.16 0.03
2025-12-10T12:59:44.626180, -0.9181 0.0018 0.2073 -1.9976 -0.0837 0.16 0.03
2025-12-10T12:59:44.673169, -0.7867 0.0438 0.1341 -1.9833 -0.0471 0.16 0.03
2025-12-10T12:59:44.721382, -0.8505 0.1404 0.1296 -1.9252 -0.2692 0.16 0.03
2025-12-10T12:59:44.768596, -0.8763 0.2103 0.0808 -2.0530 -0.2545 0.16 0.03
2025-12-10T12:59:44.816667, -0.8687 0.2266 0.0080 -1.9550 -0.3015 0.16 0.03
2025-12-10T12:59:44.864375, -0.9215 0.1810 0.0788 -1.8683 -0.0583 0.16 0.03
2025-12-10T12:59:44.911974, -0.9227 0.1410 -0.0087 -1.8664 0.0652 0.16 0.03
2025-12-10T12:59:44.959830, -0.8486 0.1058 -0.0107 -1.7144 -0.0507 0.16 0.03
2025-12-10T12:59:45.007547, -0.8581 0.1646 -0.1620 -1.7899 -0.0177 0.16 0.03
2025-12-10T12:59:45.055396, -0.8810 0.1563 -0.2199 -1.7508 0.0859 0.16 0.03
2025-12-10T12:59:45.102374, -0.7662 0.1790 -0.3005 -1.7008 0.0123 0.16 0.03
2025-12-10T12:59:45.150420, -0.7700 0.3782 -0.1020 -1.7611 -0.0672 0.16 0.03
2025-12-10T12:59:45.198386, -0.8028 0.3734 -0.1371 -1.8582 -0.0173 0.16 0.03
2025-12-10T12:59:45.245467, -0.7865 0.3241 -0.2876 -1.6287 0.0115 0.16 0.03
2025-12-10T12:59:45.293343, -0.8317 0.1611 -0.1653 -1.7557 -0.0828 0.16 0.03
2025-12-10T12:59:45.340962, -0.8113 0.1377 -0.2074 -1.8366 -0.1506 0.16 0.03
2025-12-10T12:59:45.388164, -0.8978 0.0424 -0.3041 -1.8621 -0.1951 0.16 0.03
2025-12-10T12:59:45.436193, -0.8387 0.1083 -0.3440 -1.7193 -0.2041 0.16 0.03
2025-12-10T12:59:45.483635, -0.7717 0.0464 -0.3340 -1.7579 -0.2269 0.16 0.03
2025-12-10T12:59:45.531015, -0.7724 -0.0079 -0.2951 -1.6864 -0.2020 0.16 0.03
2025-12-10T12:59:45.578501, -0.9222 0.0043 -0.1563 -1.7278 -0.2398 0.16 0.03
2025-12-10T12:59:45.626245, -0.9936 -0.0299 -0.2437 -1.6139 -0.1982 0.16 0.03
2025-12-10T12:59:45.674098, -0.9960 -0.0300 -0.2007 -1.1843 -0.1616 0.16 0.03
2025-12-10T12:59:45.721474, -0.9230 -0.1347 -0.2079 -1.2557 -0.2191 0.16 0.03
2025-12-10T12:59:45.769578, -0.9184 -0.1667 -0.1093 -1.3329 -0.0901 0.16 0.03
2025-12-10T12:59:45.817480, -0.6898 -0.0153 -0.1724 -1.4001 -0.0815 0.16 0.03
2025-12-10T12:59:45.864874, -0.8478 -0.0171 -0.2725 -1.2940 -0.1937 0.16 0.03
2025-12-10T12:59:45.911716, -0.8516 -0.1233 -0.1957 -1.4846 -0.0078 0.16 0.03
2025-12-10T12:59:45.959737, -0.9593 -0.0220 -0.1582 -1.6513 -0.0541 0.16 0.03
2025-12-10T12:59:46.007347, -0.9337 -0.0229 0.0093 -1.6923 -0.0199 0.16 0.03
2025-12-10T12:59:46.054659, -0.9858 0.1708 -0.0232 -1.6529 -0.0647 0.16 0.03
2025-12-10T12:59:46.101696, -0.8517 0.2509 -0.1563 -1.7373 0.0456 0.16 0.03
2025-12-10T12:59:46.149337, -0.7486 0.4856 -0.2432 -1.7510 0.0975 0.16 0.03
2025-12-10T12:59:46.196621, -0.7926 0.5119 -0.1548 -1.7174 0.0832 0.16 0.03
2025-12-10T12:59:46.244209, -0.8907 0.5497 -0.1370 -1.6874 0.3248 0.16 0.03
2025-12-10T12:59:46.292223, -0.8418 0.4781 -0.1064 -1.6455 0.1030 0.16 0.03
2025-12-10T12:59:46.339312, -0.7537 0.3552 -0.0047 -1.6679 0.0429 0.16 0.03
2025-12-10T12:59:46.386638, -0.8407 0.2622 -0.0800 -1.7169 0.0500 0.16 0.03
2025-12-10T12:59:46.433977, -0.9616 0.3151 -0.1161 -1.7294 -0.0634 0.16 0.03
2025-12-10T12:59:46.481232, -0.9925 0.3465 -0.2076 -1.5752 -0.1031 0.16 0.03
2025-12-10T12:59:46.528737, -1.0043 0.5384 -0.2728 -1.7235 -0.3323 0.16 0.03
2025-12-10T12:59:46.575974, -0.9545 0.4822 -0.3300 -1.8231 -0.4136 0.16 0.03
2025-12-10T12:59:46.623334, -0.8207 0.3730 -0.3201 -1.7902 -0.4100 0.16 0.03
2025-12-10T12:59:46.671214, -0.7479 0.3219 -0.2815 -1.8055 -0.4814 0.16 0.03
2025-12-10T12:59:46.718340, -0.7436 0.3367 -0.3222 -1.8033 -0.4542 0.16 0.03
2025-12-10T12:59:46.766330, -0.7395 0.2599 -0.3279 -1.8607 -0.4750 0.16 0.03
2025-12-10T12:59:46.813603, -0.8703 0.4915 -0.3777 -1.7756 -0.4483 0.16 0.03
2025-12-10T12:59:46.860786, -0.8501 0.4104 -0.2718 -1.7902 -0.2901 0.16 0.03
2025-12-10T12:59:46.908498, -0.9368 0.2494 -0.2684 -1.7723 -0.2708 0.16 0.03
2025-12-10T12:59:46.955609, -0.7134 0.2575 -0.2055 -1.7859 -0.1940 0.16 0.03
2025-12-10T12:59:47.004173, -0.7863 0.3543 -0.1801 -1.7374 -0.3060 0.16 0.03
2025-12-10T12:59:47.051020, -0.8351 0.3195 -0.3224 -1.6942 -0.4340 0.16 0.03
2025-12-10T12:59:47.098266, -0.7130 0.3188 -0.3573 -1.8053 -0.3518 0.16 0.03
2025-12-10T12:59:47.145868, -0.6206 0.3030 -0.1485 -1.8573 -0.5038 0.16 0.03
2025-12-10T12:59:47.193206, -0.5842 0.3489 -0.2046 -1.7376 -0.2482 0.16 0.03
2025-12-10T12:59:47.240324, -0.6269 0.2993 0.0155 -1.7068 -0.3080 0.16 0.03
2025-12-10T12:59:47.288158, -0.6192 0.3454 0.0142 -1.6194 -0.1959 0.16 0.03
2025-12-10T12:59:47.335693, -0.5075 0.2063 -0.0617 -1.5720 -0.2021 0.16 0.03
2025-12-10T12:59:47.383041, -0.5140 0.2487 -0.0835 -1.5597 -0.1925 0.16 0.03
2025-12-10T12:59:47.430684, -0.5495 0.5998 -0.1624 -1.5484 -0.1840 0.16 0.03
2025-12-10T12:59:47.478485, -0.5056 0.6684 -0.1567 -1.5379 -0.2663 0.16 0.03
2025-12-10T12:59:47.525406, -0.4670 0.5339 -0.1218 -1.5880 -0.3234 0.16 0.03
2025-12-10T12:59:47.572653, -0.4778 0.5503 -0.0911 -1.6164 -0.2836 0.16 0.03
2025-12-10T12:59:47.620101, -0.6814 0.3851 -0.0492 -1.5660 -0.2785 0.16 0.03
2025-12-10T12:59:47.667864, -0.6505 0.2549 -0.0723 -1.5810 -0.2141 0.16 0.03
2025-12-10T12:59:47.715330, -0.7129 0.3500 -0.0476 -1.6534 -0.3221 0.16 0.03
2025-12-10T12:59:47.763367, -0.7076 0.2090 0.0190 -1.7163 -0.2073 0.16 0.03
2025-12-10T12:59:47.811287, -0.7774 0.2945 0.0624 -1.7709 0.0879 0.16 0.03
2025-12-10T12:59:47.859165, -0.7038 0.2199 0.0406 -1.8481 0.1076 0.16 0.03
2025-12-10T12:59:47.906018, -0.6389 0.0646 -0.0533 -1.7805 0.0650 0.16 0.03
2025-12-10T12:59:47.954673, -0.6266 0.1078 -0.0010 -1.6907 0.2370 0.16 0.03
2025-12-10T12:59:48.001736, -0.5259 0.0709 0.0298 -1.6861 0.2383 0.16 0.03
2025-12-10T12:59:48.049452, -0.5570 0.0684 -0.0029 -1.6365 0.4038 0.16 0.03
2025-12-10T12:59:48.097012, -0.5093 0.0064 0.0282 -1.6822 0.2797 0.16 0.03
2025-12-10T12:59:48.144369, -0.5570 0.0717 -0.1090 -1.6170 0.2305 0.16 0.03
2025-12-10T12:59:48.191703, -0.5837 0.0990 -0.1097 -1.5742 0.0976 0.16 0.03
2025-12-10T12:59:48.239326, -0.5770 0.1678 -0.1552 -1.5510 0.0557 0.16 0.03
2025-12-10T12:59:48.286928, -0.5859 0.1533 -0.0455 -1.6048 0.0189 0.16 0.03
2025-12-10T12:59:48.333743, -0.4888 0.1255 -0.0838 -1.5767 -0.1630 0.16 0.03
2025-12-10T12:59:48.381032, -0.2688 0.1909 -0.0276 -1.5365 -0.1430 0.16 0.03
2025-12-10T12:59:48.427850, -0.3599 0.2183 0.0366 -1.5605 -0.1254 0.16 0.03
2025-12-10T12:59:48.475026, -0.5742 0.0927 -0.0566 -1.5511 -0.2744 0.16 0.03
2025-12-10T12:59:48.522365, -0.6723 0.0273 0.0112 -1.3628 -0.2854 0.16 0.03
2025-12-10T12:59:48.568763, -0.6684 0.0298 0.1155 -1.3915 -0.2202 0.16 0.03
2025-12-10T12:59:48.616303, -0.6797 0.1366 -0.0173 -1.4013 -0.2227 0.16 0.03
2025-12-10T12:59:48.663575, -0.7043 0.1405 -0.0890 -1.5888 -0.0453 0.16 0.03
2025-12-10T12:59:48.711081, -0.6360 0.1290 -0.0023 -1.5285 -0.0393 0.16 0.03
2025-12-10T12:59:48.758128, -0.5907 0.1637 -0.0608 -1.3703 -0.0789 0.16 0.03
2025-12-10T12:59:48.805672, -0.6255 0.0894 0.0823 -1.3207 -0.0088 0.16 0.03
2025-12-10T12:59:48.849196, -0.7905 0.0540 0.0134 -1.3515 -0.0670 0.16 0.03
2025-12-10T12:59:48.899822, -0.9947 -0.0068 0.0128 -1.4379 -0.2227 0.19 0.02
2025-12-10T12:59:48.946754, -0.9791 -0.1051 -0.0476 -1.4683 -0.2097 0.17 0.03
2025-12-10T12:59:48.993470, -0.8305 -0.1465 0.2883 -1.4794 -0.1085 0.16 0.03
2025-12-10T12:59:49.041443, -0.8045 -0.0780 0.2539 -1.5934 -0.1393 0.16 0.03
2025-12-10T12:59:49.088122, -0.7814 -0.2572 0.0890 -1.4984 -0.0467 0.16 0.03
2025-12-10T12:59:49.135179, -0.6861 -0.0404 0.2882 -1.5640 -0.1149 0.16 0.03
2025-12-10T12:59:49.182758, -0.5574 -0.0446 0.1638 -1.6061 -0.2346 0.16 0.03
2025-12-10T12:59:49.229926, -0.5339 0.0414 0.1893 -1.5976 -0.2946 0.16 0.03
2025-12-10T12:59:49.277445, -0.5281 0.0571 -0.0278 -1.6045 -0.3471 0.16 0.03
2025-12-10T12:59:49.324675, -0.1939 0.2054 -0.0537 -1.5651 -0.4081 0.16 0.03
2025-12-10T12:59:49.372242, -0.3192 0.1859 -0.0914 -1.4402 -0.4016 0.16 0.03
2025-12-10T12:59:49.419960, -0.3245 0.1687 -0.1393 -1.4797 -0.3060 0.16 0.03
2025-12-10T12:59:49.460821, -0.3438 0.1536 -0.1814 -1.5437 -0.3865 0.16 0.03
2025-12-10T12:59:49.514089, -0.4355 0.1403 -0.1883 -1.5544 -0.3074 0.16 0.03
2025-12-10T12:59:49.562047, -0.4560 0.1136 0.0300 -1.5484 -0.2529 0.16 0.03
2025-12-10T12:59:49.609028, -0.5934 0.1798 0.2216 -1.5425 -0.2798 0.16 0.03
2025-12-10T12:59:49.656788, -0.5792 0.2379 0.2549 -1.5218 -0.2435 0.17 0.03
2025-12-10T12:59:49.703650, -0.5814 0.2439 0.2841 -1.4582 -0.2564 0.16 0.04
2025-12-10T12:59:49.750848, -0.6580 0.2491 0.1451 -1.4617 -0.2227 0.16 0.03
2025-12-10T12:59:49.798061, -0.6501 0.2535 0.0979 -1.2400 -0.2529 0.16 0.03
2025-12-10T12:59:49.845821, -0.7177 0.2125 0.2658 -1.2244 -0.3541 0.16 0.03
2025-12-10T12:59:49.892111, -0.6272 0.1913 0.1888 -1.2403 -0.4279 0.16 0.03
2025-12-10T12:59:49.938195, -0.7421 0.2326 0.1360 -0.9995 -0.4176 0.16 0.03
2025-12-10T12:59:49.986950, -0.8126 0.2238 0.0747 -1.1617 -0.3336 0.16 0.03
2025-12-10T12:59:50.033790, -0.9191 0.1412 0.0508 -1.3037 -0.2898 0.16 0.03
2025-12-10T12:59:50.081462, -0.8327 0.0837 0.0298 -1.3529 -0.3259 0.16 0.03
2025-12-10T12:59:50.128702, -0.6819 0.1379 0.2058 -1.3209 -0.3725 0.16 0.03
2025-12-10T12:59:50.175672, -0.4895 -0.0389 0.0162 -1.2923 -0.3684 0.16 0.03
2025-12-10T12:59:50.222304, -0.4700 0.0602 0.0293 -1.2219 -0.5292 0.16 0.03
2025-12-10T12:59:50.269637, -0.4677 -0.0024 -0.0041 -1.3690 -0.4457 0.16 0.03
2025-12-10T12:59:50.317266, -0.5104 -0.0125 -0.0633 -1.4378 -0.4471 0.16 0.03
2025-12-10T12:59:50.365002, -0.3533 -0.0513 -0.0554 -1.3631 -0.3734 0.16 0.03
2025-12-10T12:59:50.411944, -0.3798 -0.0254 0.0563 -1.3718 -0.4282 0.16 0.03
2025-12-10T12:59:50.459355, -0.4179 -0.0476 0.4982 -1.3340 -0.4013 0.16 0.05
2025-12-10T12:59:50.506160, -0.4362 -0.0820 0.4221 -1.2705 -0.3926 0.16 0.03
2025-12-10T12:59:50.553764, -0.5269 -0.0374 0.3553 -1.3041 -0.5044 0.16 0.03
2025-12-10T12:59:50.597501, -0.5464 -0.0879 0.2964 -1.3629 -0.5126 0.16 0.04
2025-12-10T12:59:50.647837, -0.5185 -0.0126 0.4092 -1.0851 -0.5645 0.16 0.03
2025-12-10T12:59:50.695204, -0.5387 -0.0662 0.3734 -1.1400 -0.3556 0.16 0.03
2025-12-10T12:59:50.742221, -0.5263 0.2159 0.2671 -1.1430 -0.3666 0.16 0.03
2025-12-10T12:59:50.789140, -0.5152 0.2240 0.2336 -1.2349 -0.3611 0.16 0.03
2025-12-10T12:59:50.836429, -0.4455 0.2609 0.1592 -1.1804 -0.2366 0.16 0.03
2025-12-10T12:59:50.884249, -0.3991 0.2783 0.1089 -1.2070 -0.1721 0.16 0.03
2025-12-10T12:59:50.931616, -0.4630 0.3233 0.0347 -1.2299 -0.1603 0.16 0.03
2025-12-10T12:59:50.979072, -0.5039 0.3029 -0.0901 -1.2795 -0.2994 0.16 0.03
2025-12-10T12:59:51.025228, -0.6443 0.2549 -0.1100 -1.3076 -0.2121 0.16 0.03
2025-12-10T12:59:51.072710, -0.6177 0.1081 -0.1871 -1.3019 -0.0905 0.16 0.03
2025-12-10T12:59:51.119533, -0.6240 0.1288 -0.2697 -1.3711 -0.0884 0.16 0.03
2025-12-10T12:59:51.167427, -0.6593 0.1169 -0.3270 -1.3566 -0.0567 0.16 0.03
2025-12-10T12:59:51.214424, -0.6451 0.1664 -0.2875 -1.3733 -0.0438 0.16 0.03
2025-12-10T12:59:51.261437, -0.7072 0.0900 -0.3724 -1.5071 -0.0474 0.16 0.03
2025-12-10T12:59:51.308677, -0.6717 0.0230 -0.3420 -1.5790 -0.0953 0.16 0.03
2025-12-10T12:59:51.356114, -0.7001 0.1586 -0.3452 -1.5220 -0.1973 0.14 0.03
2025-12-10T12:59:51.403610, -0.6799 0.1579 -0.2581 -1.4265 -0.1221 0.17 0.03
2025-12-10T12:59:51.450412, -0.6171 0.1273 -0.2415 -1.3123 -0.1608 0.16 0.03
2025-12-10T12:59:51.497510, -0.5319 0.1902 -0.2566 -1.3313 -0.0451 0.16 0.03
2025-12-10T12:59:51.544884, -0.5317 0.1705 -0.2698 -1.1979 -0.0034 0.16 0.03
2025-12-10T12:59:51.591510, -0.6360 0.2130 -0.1617 -1.2599 0.0331 0.17 0.03
2025-12-10T12:59:51.639182, -0.5329 0.2053 -0.1266 -1.2092 0.0502 0.16 0.03
2025-12-10T12:59:51.686847, -0.5020 0.1237 -0.0658 -1.1792 -0.0095 0.16 0.03
2025-12-10T12:59:51.733691, -0.4748 0.2017 -0.1920 -1.1823 -0.0171 0.17 0.03
2025-12-10T12:59:51.781106, -0.5105 0.4195 -0.1530 -1.2445 0.0511 0.16 0.03
2025-12-10T12:59:51.828684, -0.2576 0.4460 -0.1636 -1.3135 0.3202 0.16 0.03
2025-12-10T12:59:51.876006, -0.1103 0.4541 -0.0682 -1.2989 0.2870 0.16 0.03
2025-12-10T12:59:51.923619, -0.1157 0.3115 0.0006 -1.4052 0.1382 0.16 0.03
2025-12-10T12:59:51.970723, -0.2400 0.2909 0.0012 -1.5428 0.1421 0.16 0.03
2025-12-10T12:59:52.017683, -0.3041 0.2429 0.2110 -1.5434 0.0408 0.16 0.03
2025-12-10T12:59:52.065105, -0.4948 0.2755 0.1408 -1.4835 -0.1079 0.14 0.06
2025-12-10T12:59:52.112558, -0.6021 0.3189 -0.0404 -1.4154 -0.0588 0.17 0.02
2025-12-10T12:59:52.158870, -0.5016 0.2223 -0.1247 -1.2804 -0.0009 0.16 0.03
2025-12-10T12:59:52.206541, -0.5928 0.1524 -0.1388 -1.2213 -0.0247 0.16 0.03
2025-12-10T12:59:52.253821, -0.3884 0.2555 -0.0613 -1.2588 -0.0756 0.16 0.03
2025-12-10T12:59:52.298179, -0.2837 0.1664 -0.1130 -1.2314 -0.1800 0.16 0.03
2025-12-10T12:59:52.344056, -0.2665 0.2527 -0.1284 -1.1022 -0.3014 0.16 0.03
2025-12-10T12:59:52.395082, -0.3112 0.3283 -0.1119 -1.0932 -0.3480 0.16 0.03
2025-12-10T12:59:52.442291, -0.5147 0.3347 -0.1423 -1.1148 -0.3738 0.16 0.03
2025-12-10T12:59:52.488961, -0.5436 0.2954 -0.0643 -1.0884 -0.3814 0.16 0.03
2025-12-10T12:59:52.537065, -0.4790 0.3505 -0.1453 -0.8406 -0.2832 0.16 0.03
2025-12-10T12:59:52.583781, -0.5717 0.0099 -0.0967 -0.8771 -0.1819 0.16 0.03
2025-12-10T12:59:52.631229, -0.6229 0.1297 -0.0689 -0.8939 -0.1978 0.19 -0.01
2025-12-10T12:59:52.678160, -0.7424 0.0703 -0.0296 -0.6092 -0.0172 0.16 0.02
2025-12-10T12:59:52.725717, -0.7124 0.1229 -0.0998 -0.7629 -0.0382 0.16 0.03
2025-12-10T12:59:52.772074, -0.7456 0.1541 -0.0716 -0.7779 0.1527 0.20 0.06
2025-12-10T12:59:52.819980, -0.7595 0.1515 -0.1964 -0.8806 0.1408 0.17 0.04
2025-12-10T12:59:52.866795, -0.8163 0.1790 -0.0665 -0.8955 0.0555 0.17 0.03
2025-12-10T12:59:52.914009, -0.7761 0.2031 -0.0872 -1.0578 -0.0194 0.16 0.03
2025-12-10T12:59:52.960919, -0.6658 0.2242 -0.1501 -1.0204 0.2290 0.16 0.03
2025-12-10T12:59:53.008537, -0.7033 0.1678 -0.2352 -0.8227 0.1926 0.16 0.03
2025-12-10T12:59:53.055765, -0.7659 0.1033 -0.2200 -0.9181 0.3550 0.17 0.03
2025-12-10T12:59:53.102733, -0.1028 -0.0280 -0.2365 -0.7772 0.0936 0.16 0.03
2025-12-10T12:59:53.149034, -0.1191 -0.0236 -0.3556 -0.6084 0.1782 0.16 0.03
2025-12-10T12:59:53.196339, -0.2979 -0.0347 -0.3104 -0.7442 0.2823 0.16 0.03
2025-12-10T12:59:53.243632, -0.1555 0.0004 -0.1659 -0.9080 0.2988 0.16 0.03
2025-12-10T12:59:53.290873, -0.1801 -0.0585 0.0506 -1.0065 0.1038 0.17 0.03
2025-12-10T12:59:53.337876, -0.3810 0.0544 -0.0735 -1.0178 -0.0524 0.16 0.03
2025-12-10T12:59:53.385272, -0.6171 0.0636 -0.1375 -1.0871 -0.0249 0.17 0.03
2025-12-10T12:59:53.432475, -0.3752 -0.1227 -0.1188 -1.1027 -0.0606 0.16 0.03
2025-12-10T12:59:53.479540, -0.3873 -0.1216 -0.1173 -1.0561 -0.1219 0.15 0.03
2025-12-10T12:59:53.526635, -0.4126 -0.1953 -0.0861 -1.0598 -0.0858 0.16 0.03
2025-12-10T12:59:53.573584, -0.3450 -0.0356 -0.0437 -1.1374 -0.0241 0.16 0.03
2025-12-10T12:59:53.620232, -0.3603 -0.0301 -0.0663 -1.1303 -0.1047 0.16 0.03
2025-12-10T12:59:53.667944, -0.4484 0.0196 -0.0712 -1.0489 0.0939 0.16 0.04
2025-12-10T12:59:53.714620, -0.4507 0.0333 -0.1352 -1.0817 0.0887 0.16 0.03
2025-12-10T12:59:53.761305, -0.4676 0.2098 -0.1465 -1.0802 0.0541 0.16 0.03
2025-12-10T12:59:53.808887, -0.4821 0.1552 -0.0816 -1.0935 -0.0361 0.17 0.03
2025-12-10T12:59:53.856114, -0.3303 0.1223 0.0053 -1.2543 0.0344 0.16 0.03
2025-12-10T12:59:53.903535, -0.4064 0.1232 -0.0530 -1.2155 -0.0833 0.16 0.03
2025-12-10T12:59:53.939097, -0.4131 0.0043 0.2547 -1.1810 -0.1416 0.16 0.03
2025-12-10T12:59:53.997640, -0.4189 0.0795 0.1956 -1.2251 -0.1030 0.16 0.03
2025-12-10T12:59:54.044533, -0.3939 0.0407 0.1437 -1.2035 -0.1737 0.16 0.03
2025-12-10T12:59:54.092989, -0.3867 0.0515 0.1130 -1.1841 -0.1610 0.16 0.03
2025-12-10T12:59:54.140966, -0.5897 0.0461 0.0562 -1.1218 -0.1946 0.16 0.03
2025-12-10T12:59:54.188323, -0.5283 0.1609 0.0511 -1.0219 -0.1792 0.16 0.03
2025-12-10T12:59:54.235519, -0.3247 0.3065 0.0018 -1.0235 -0.1357 0.16 0.03
2025-12-10T12:59:54.271652, -0.4301 0.3742 0.2277 -1.0545 -0.1273 0.16 0.03
2025-12-10T12:59:54.329737, -0.2981 0.4036 0.2913 -0.9767 -0.1200 0.16 0.03
2025-12-10T12:59:54.377360, -0.3766 0.2648 0.2572 -0.9529 -0.0836 0.16 0.03
2025-12-10T12:59:54.421859, -0.4154 0.2326 0.2123 -0.8868 -0.0666 0.16 0.03
2025-12-10T12:59:54.472775, -0.5240 0.0846 0.1878 -0.8883 -0.1115 0.16 0.03
2025-12-10T12:59:54.520106, -0.5145 0.1043 0.0765 -0.9791 -0.0909 0.16 0.03
2025-12-10T12:59:54.567007, -0.4611 0.0767 0.2629 -1.0134 0.0168 0.16 0.03
2025-12-10T12:59:54.614344, -0.4140 0.0973 0.1871 -0.9386 -0.0083 0.16 0.03
2025-12-10T12:59:54.661509, -0.2829 0.1453 0.2851 -1.0819 -0.0603 0.16 0.03
2025-12-10T12:59:54.708889, -0.3771 0.2173 0.2512 -1.1325 -0.1208 0.16 0.03
2025-12-10T12:59:54.755757, -0.3849 0.1308 0.3860 -1.1615 0.0505 0.16 0.03
2025-12-10T12:59:54.803056, -0.4065 0.3091 0.1750 -1.0968 0.0512 0.16 0.03
2025-12-10T12:59:54.849963, -0.5450 0.1962 0.0946 -1.0995 0.0368 0.16 0.03
2025-12-10T12:59:54.897081, -0.5316 0.3513 0.1885 -1.0566 -0.0356 0.16 0.03
2025-12-10T12:59:54.938429, -0.6543 0.3228 0.2110 -1.1831 -0.1291 0.16 0.03
2025-12-10T12:59:54.992719, -0.6721 0.3575 0.3353 -1.1590 -0.1512 0.16 0.03
2025-12-10T12:59:55.039396, -0.7173 0.3429 0.2199 -1.2422 -0.1407 0.16 0.03
2025-12-10T12:59:55.086478, -0.7716 0.3898 0.1187 -1.2549 -0.1762 0.16 0.03
2025-12-10T12:59:55.134151, -0.7143 0.3561 -0.0151 -1.2207 -0.1625 0.16 0.03
2025-12-10T12:59:55.181080, -0.6488 0.2516 0.0321 -1.1005 -0.2251 0.16 0.03
2025-12-10T12:59:55.228508, -0.6809 0.3691 0.0884 -0.9947 0.0639 0.16 0.03
2025-12-10T12:59:55.275974, -0.7985 0.2927 0.0780 -0.9762 0.0483 0.16 0.03
2025-12-10T12:59:55.322842, -0.7668 0.2854 0.0688 -0.8102 -0.0102 0.16 0.03
2025-12-10T12:59:55.370341, -0.6639 0.2639 0.1654 -0.7689 0.0431 0.16 0.03
2025-12-10T12:59:55.414396, -0.6034 0.1702 0.0707 -0.8819 -0.0597 0.16 0.03
2025-12-10T12:59:55.464771, -0.5051 0.1626 -0.1172 -0.8611 -0.2396 0.16 0.03
2025-12-10T12:59:55.512026, -0.4337 0.2308 -0.0576 -0.9023 -0.1879 0.18 0.03
2025-12-10T12:59:55.559819, -0.4158 0.1559 -0.0801 -0.8635 -0.3519 0.16 0.04
2025-12-10T12:59:55.606543, -0.6691 0.1349 -0.0250 -0.9038 -0.2714 0.16 0.04
2025-12-10T12:59:55.654181, -0.6667 0.1913 -0.1412 -0.8641 -0.2455 0.17 0.03
2025-12-10T12:59:55.702081, -0.6046 0.1510 -0.3477 -0.8140 -0.2974 0.16 0.03
2025-12-10T12:59:55.748882, -0.5948 0.0707 -0.4391 -0.9791 -0.2681 0.16 0.03
2025-12-10T12:59:55.795810, -0.5261 0.2095 -0.4594 -1.0039 -0.3320 0.17 0.03
2025-12-10T12:59:55.838387, -0.5852 0.1668 -0.4619 -0.9506 -0.3431 0.16 0.03
2025-12-10T12:59:55.890523, -0.6370 0.2937 -0.4341 -1.0081 -0.3378 0.16 0.03
2025-12-10T12:59:55.937104, -0.6073 0.1807 -0.3797 -0.8938 -0.1086 0.16 0.03
2025-12-10T12:59:55.980204, -0.5662 0.1712 -0.3916 -0.8828 -0.1020 0.16 0.03
2025-12-10T12:59:56.031417, -0.5747 0.1030 -0.3122 -0.9776 -0.1260 0.16 0.03
2025-12-10T12:59:56.078788, -0.5371 0.1029 -0.2124 -0.8959 -0.1321 0.16 0.04
2025-12-10T12:59:56.126447, -0.5040 0.0879 -0.2445 -0.9435 -0.0028 0.15 0.03
2025-12-10T12:59:56.173425, -0.2354 0.1046 -0.0183 -0.9700 -0.1586 0.17 0.02
2025-12-10T12:59:56.220171, -0.1791 0.2089 0.0306 -1.0528 0.0488 0.16 0.03
2025-12-10T12:59:56.267820, -0.2045 0.2704 -0.0909 -0.9904 -0.0085 0.17 0.03
2025-12-10T12:59:56.315193, -0.2566 0.2496 -0.0630 -1.0100 0.0010 0.15 0.03
2025-12-10T12:59:56.362254, -0.2124 0.2461 0.0363 -0.9372 -0.0056 0.17 0.04
2025-12-10T12:59:56.409402, -0.3232 0.3627 0.1234 -0.9328 -0.0713 0.16 0.03
2025-12-10T12:59:56.456689, -0.3754 0.2853 0.3045 -1.0183 0.0058 0.16 0.03
2025-12-10T12:59:56.503935, -0.4659 0.4716 0.3586 -0.8088 0.2080 0.17 0.03
2025-12-10T12:59:56.551534, -0.5452 0.4105 0.2414 -0.7743 -0.0933 0.16 0.03
2025-12-10T12:59:56.597503, -0.6295 0.2521 0.1534 -0.9381 -0.1033 0.16 0.03
2025-12-10T12:59:56.645171, -0.6135 0.1877 -0.0434 -0.8871 0.0674 0.16 0.03
2025-12-10T12:59:56.692345, -0.5692 0.1612 -0.0516 -0.9168 -0.0221 0.16 0.03
2025-12-10T12:59:56.739961, -0.4854 0.3921 -0.0438 -0.9276 0.0489 0.16 0.03
2025-12-10T12:59:56.787377, -0.3967 0.4001 -0.0220 -0.8170 0.0663 0.16 0.03
2025-12-10T12:59:56.834486, -0.4235 0.2873 -0.0178 -0.7945 0.0666 0.16 0.03
2025-12-10T12:59:56.882105, -0.4019 0.2780 -0.1188 -0.5651 -0.0976 0.16 0.03
2025-12-10T12:59:56.929612, -0.2632 0.2398 -0.1625 -0.6030 -0.0323 0.16 0.03
2025-12-10T12:59:56.977789, -0.2162 0.1913 -0.2008 -0.4266 -0.1396 0.16 0.03
2025-12-10T12:59:57.024580, -0.1300 0.1038 -0.2343 -0.1520 -0.1289 0.16 0.03
2025-12-10T12:59:57.072186, -0.3086 0.2961 -0.2487 -0.2550 -0.0298 0.16 0.03
2025-12-10T12:59:57.120514, -0.2856 0.2854 -0.2762 -0.4201 -0.0474 0.16 0.03
2025-12-10T12:59:57.168264, -0.3253 0.2758 -0.2852 -0.5947 -0.0181 0.16 0.04
2025-12-10T12:59:57.215548, -0.3300 0.2673 -0.2930 -0.7177 -0.1119 0.16 0.03
2025-12-10T12:59:57.263175, -0.3191 0.0205 -0.1801 -0.8404 -0.1943 0.16 0.03
2025-12-10T12:59:57.311049, -0.4739 0.0432 -0.2306 -0.8729 -0.1617 0.16 0.03
2025-12-10T12:59:57.357722, -0.2507 0.1977 -0.1851 -0.8263 -0.2677 0.16 0.03
2025-12-10T12:59:57.405564, -0.3239 0.2734 -0.0404 -0.9497 0.0132 0.16 0.03
2025-12-10T12:59:57.453436, -0.2384 0.2499 0.0118 -0.9230 0.0653 0.16 0.03
2025-12-10T12:59:57.500667, -0.2681 0.0947 0.1474 -0.9291 -0.0235 0.16 0.03
2025-12-10T12:59:57.548439, -0.1295 -0.0116 0.0419 -0.8594 0.0031 0.16 0.03
2025-12-10T12:59:57.595931, -0.3069 0.2690 0.0690 -0.8727 0.1013 0.16 0.03
2025-12-10T12:59:57.643539, -0.3429 0.4852 0.0927 -0.7345 0.0229 0.16 0.03
2025-12-10T12:59:57.690847, -0.3144 0.3906 0.0387 -0.6279 0.0439 0.17 0.03
2025-12-10T12:59:57.739117, -0.3791 0.2924 -0.0536 -0.7137 0.0174 0.17 0.03
2025-12-10T12:59:57.786869, -0.3610 0.4155 0.0002 -0.6839 0.0390 0.16 0.04
2025-12-10T12:59:57.834203, -0.3300 0.2991 -0.0275 -0.7623 -0.0019 0.16 0.03
2025-12-10T12:59:57.881722, -0.2728 0.3613 -0.1266 -0.8308 -0.0677 0.17 0.03
2025-12-10T12:59:57.929444, -0.2823 0.1915 -0.2134 -0.8158 0.0840 0.16 0.03
2025-12-10T12:59:57.976949, -0.0961 0.2966 -0.0951 -0.6977 0.0825 0.16 0.03
2025-12-10T12:59:58.023847, -0.1271 0.2094 -0.1856 -0.8331 0.2008 0.16 0.03
2025-12-10T12:59:58.072102, -0.0645 0.1925 -0.1753 -0.7721 0.0652 0.14 0.04
2025-12-10T12:59:58.119180, 0.1100 0.1178 -0.1213 -0.9875 0.0808 0.17 0.03
2025-12-10T12:59:58.166967, 0.1136 0.1121 -0.0739 -0.8770 0.0496 0.16 0.03
2025-12-10T12:59:58.214934, 0.1316 0.0921 0.1472 -0.8546 0.2316 0.17 0.03
2025-12-10T12:59:58.263144, 0.0427 0.0894 0.2812 -0.8496 0.1369 0.16 0.02
2025-12-10T12:59:58.310824, -0.0353 0.1021 0.3839 -0.9644 0.3230 0.17 0.03
2025-12-10T12:59:58.358518, -0.0589 0.1430 0.2494 -0.9602 0.2020 0.16 0.03
2025-12-10T12:59:58.406335, -0.1992 0.3433 0.1613 -0.9561 0.2303 0.16 0.03
2025-12-10T12:59:58.453425, -0.3670 0.3395 0.1437 -0.9073 0.2701 0.14 0.03
2025-12-10T12:59:58.500869, -0.3796 0.1866 0.0534 -0.9988 0.1404 0.17 0.03
2025-12-10T12:59:58.548476, -0.4054 0.1869 0.0042 -0.9142 0.1461 0.16 0.03
2025-12-10T12:59:58.595638, -0.3980 0.3216 0.0058 -0.9593 0.1063 0.16 0.03
2025-12-10T12:59:58.643225, -0.3764 0.3052 0.0072 -0.9237 0.1162 0.16 0.03
2025-12-10T12:59:58.691040, -0.3125 0.1411 0.1281 -0.9071 -0.0098 0.16 0.03
2025-12-10T12:59:58.738187, -0.4508 0.1017 0.0247 -0.9072 -0.0305 0.16 0.03
2025-12-10T12:59:58.785949, -0.4522 0.0971 0.0836 -0.9518 0.0559 0.16 0.03
2025-12-10T12:59:58.833717, -0.4982 0.0930 0.0305 -0.9907 0.0121 0.16 0.03
2025-12-10T12:59:58.881309, -0.2093 0.1790 0.0139 -0.8897 0.1083 0.16 0.03
2025-12-10T12:59:58.928741, -0.3895 0.0452 -0.0606 -0.8308 0.1179 0.16 0.03
2025-12-10T12:59:58.976587, -0.1736 -0.0274 -0.0212 -0.7638 0.0664 0.16 0.03
2025-12-10T12:59:59.023537, -0.1635 0.0435 -0.1512 -0.7496 0.0212 0.16 0.03
2025-12-10T12:59:59.071492, -0.1547 -0.0738 -0.1454 -0.4528 -0.0034 0.16 0.03
2025-12-10T12:59:59.119431, -0.1019 -0.1468 -0.1853 -0.4763 -0.0400 0.16 0.03
2025-12-10T12:59:59.167518, -0.0557 -0.0462 0.0042 -0.5865 0.0026 0.16 0.03
2025-12-10T12:59:59.214885, -0.1347 0.2214 0.0209 -0.5334 -0.0497 0.16 0.03
2025-12-10T12:59:59.262542, -0.1442 0.2169 -0.0093 -0.5913 -0.0357 0.16 0.03
2025-12-10T12:59:59.310305, -0.0926 0.2279 0.0389 -0.7317 -0.1431 0.16 0.03
2025-12-10T12:59:59.358299, -0.0324 0.2225 0.0513 -0.7050 -0.1176 0.16 0.03
2025-12-10T12:59:59.405237, -0.0842 0.2326 0.0323 -0.6514 -0.0204 0.16 0.03
2025-12-10T12:59:59.452922, -0.1446 0.1367 0.0455 -0.6490 -0.1595 0.16 0.03
2025-12-10T12:59:59.501061, 0.0118 0.3965 0.1617 -0.5869 -0.0422 0.16 0.03
2025-12-10T12:59:59.547919, -0.0753 0.3102 0.0692 -0.5471 -0.0888 0.16 0.03
2025-12-10T12:59:59.595691, -0.1666 0.2494 0.3170 -0.5868 -0.0399 0.16 0.03
2025-12-10T12:59:59.642943, 0.0973 0.1959 0.3100 -0.5017 0.1376 0.16 0.03
2025-12-10T12:59:59.690283, -0.1498 0.1937 0.1542 -0.5466 -0.0956 0.16 0.03
2025-12-10T12:59:59.738137, -0.0824 0.2516 0.0325 -0.5409 -0.0908 0.16 0.03
2025-12-10T12:59:59.786183, -0.0531 0.1378 0.1499 -0.5207 0.0033 0.16 0.03
2025-12-10T12:59:59.833490, -0.0423 0.1725 0.1184 -0.4729 0.0259 0.16 0.03
2025-12-10T12:59:59.881258, -0.0777 0.2178 0.1953 -0.5504 0.0009 0.16 0.03
2025-12-10T12:59:59.928682, -0.2135 0.1229 0.1880 -0.4837 0.0538 0.16 0.03
2025-12-10T12:59:59.976562, -0.1082 0.0396 0.3759 -0.3053 0.1450 0.16 0.03
2025-12-10T13:00:00.023856, -0.1054 0.0562 0.4209 -0.3880 0.1502 0.16 0.03
2025-12-10T13:00:00.072451, -0.1329 0.2204 0.3557 -0.4455 0.1098 0.16 0.03
2025-12-10T13:00:00.120027, -0.1420 0.2297 0.2683 -0.4359 -0.0153 0.16 0.03
2025-12-10T13:00:00.166666, -0.2547 0.1182 0.3561 -0.4721 0.0095 0.16 0.04
2025-12-10T13:00:00.215348, -0.1889 0.0352 0.3433 -0.4888 -0.0585 0.16 0.03
2025-12-10T13:00:00.263184, -0.2357 0.1568 0.2272 -0.6080 -0.1182 0.16 0.03
2025-12-10T13:00:00.310104, -0.1572 0.3831 0.2151 -0.5628 -0.0508 0.16 0.03
2025-12-10T13:00:00.357982, -0.2078 0.3722 0.1594 -0.5828 -0.0814 0.16 0.03
2025-12-10T13:00:00.405140, -0.2521 0.3026 0.1255 -0.4954 -0.1830 0.16 0.03
2025-12-10T13:00:00.452497, -0.3209 0.3013 0.2303 -0.4933 -0.1674 0.16 0.03
2025-12-10T13:00:00.499430, -0.3512 0.6140 0.2624 -0.3268 -0.2285 0.16 0.03
2025-12-10T13:00:00.546551, -0.2879 0.5891 0.2007 -0.1058 -0.2371 0.16 0.03
2025-12-10T13:00:00.593511, -0.2921 0.4176 0.1017 -0.1811 -0.3044 0.16 0.03
2025-12-10T13:00:00.641123, -0.2807 0.4164 0.3139 -0.2021 -0.3633 0.16 0.03
2025-12-10T13:00:00.688041, -0.3603 0.3704 0.1410 -0.2654 -0.3849 0.16 0.03
2025-12-10T13:00:00.735615, -0.3104 0.3149 0.1537 0.0231 -0.3888 0.16 0.03
2025-12-10T13:00:00.782569, -0.2664 0.3409 0.1349 -0.2921 -0.4369 0.16 0.03
2025-12-10T13:00:00.829565, -0.3474 0.3487 0.1334 -0.2993 -0.3443 0.16 0.03
2025-12-10T13:00:00.876471, -0.3586 0.2805 0.0422 -0.4102 -0.3827 0.16 0.03
2025-12-10T13:00:00.923979, -0.3982 0.1758 -0.0079 -0.4475 -0.1769 0.16 0.03
2025-12-10T13:00:00.970838, -0.3729 0.0540 0.0080 -0.5100 -0.1459 0.16 0.03
2025-12-10T13:00:01.018040, -0.3955 0.0069 -0.0079 -0.5497 -0.0887 0.16 0.03
2025-12-10T13:00:01.065810, -0.4301 0.1898 0.0229 -0.5993 -0.2329 0.16 0.03
2025-12-10T13:00:01.113077, -0.4005 0.2007 -0.0547 -0.5229 -0.2247 0.16 0.04
2025-12-10T13:00:01.159714, -0.3594 0.1953 -0.0630 -0.5605 -0.2324 0.16 0.03
2025-12-10T13:00:01.207073, -0.3532 0.1905 -0.1151 -0.6231 -0.3288 0.16 0.03
2025-12-10T13:00:01.254745, -0.2728 0.1862 0.0636 -0.6778 -0.3236 0.16 0.03
2025-12-10T13:00:01.301808, -0.2470 0.1823 -0.0189 -0.7106 -0.3338 0.16 0.03
2025-12-10T13:00:01.342407, -0.2841 0.1490 -0.0764 -0.4998 -0.2529 0.16 0.03
2025-12-10T13:00:01.396054, -0.2717 0.3291 0.0677 -0.5091 -0.2416 0.16 0.03
2025-12-10T13:00:01.443145, -0.3355 0.3224 0.0893 -0.6068 -0.2167 0.16 0.03
2025-12-10T13:00:01.490938, -0.4063 0.4212 0.0933 -0.6176 -0.1349 0.16 0.03
2025-12-10T13:00:01.537856, -0.3636 0.3132 0.0669 -0.7015 -0.0931 0.16 0.03
2025-12-10T13:00:01.584805, -0.3708 0.2632 0.0287 -0.6404 -0.0413 0.16 0.03
2025-12-10T13:00:01.631696, -0.2873 0.2343 -0.0795 -0.6313 0.1386 0.16 0.03
2025-12-10T13:00:01.679298, -0.3037 0.2237 -0.1595 -0.6531 0.1170 0.16 0.03
2025-12-10T13:00:01.726021, -0.2581 0.2891 -0.2895 -0.6869 0.2028 0.16 0.03
2025-12-10T13:00:01.773764, -0.2779 0.2268 -0.4632 -0.6714 0.1284 0.16 0.03
2025-12-10T13:00:01.820533, -0.3250 0.1271 -0.3911 -0.6725 0.0331 0.16 0.03
2025-12-10T13:00:01.867101, -0.3363 0.1294 -0.4174 -0.7631 -0.0355 0.16 0.03
2025-12-10T13:00:01.911394, -0.2713 0.1164 -0.2460 -0.7226 -0.1705 0.16 0.03
2025-12-10T13:00:01.961601, -0.2890 0.0602 -0.0656 -0.7316 -0.1842 0.16 0.03
2025-12-10T13:00:02.009306, -0.2147 0.0406 0.0927 -0.7543 0.0282 0.16 0.03
2025-12-10T13:00:02.056154, -0.2242 -0.0363 0.0521 -0.7440 0.0500 0.16 0.03
2025-12-10T13:00:02.103155, -0.1428 -0.1038 0.1062 -0.7795 0.0094 0.16 0.03
2025-12-10T13:00:02.151055, 0.0035 -0.1480 0.0340 -0.6310 0.0485 0.16 0.03
2025-12-10T13:00:02.197663, 0.0422 -0.1868 0.1201 -0.5602 0.0080 0.16 0.03
2025-12-10T13:00:02.244655, 0.0761 -0.0861 0.0911 -0.5877 -0.1472 0.16 0.03
2025-12-10T13:00:02.292346, 0.0011 -0.1174 0.0804 -0.5518 -0.2085 0.16 0.03
2025-12-10T13:00:02.339400, 0.0251 -0.0402 0.1608 -0.5200 -0.1875 0.16 0.03
2025-12-10T13:00:02.386895, -0.0287 -0.0322 0.1565 -0.5069 -0.1839 0.16 0.03
2025-12-10T13:00:02.433637, -0.0011 -0.0252 0.0779 -0.6299 0.1035 0.16 0.03
2025-12-10T13:00:02.481328, -0.0068 0.1006 0.1585 -0.6029 0.1162 0.16 0.03
2025-12-10T13:00:02.528532, -0.0716 0.0614 0.2441 -0.6090 0.1125 0.16 0.03
2025-12-10T13:00:02.576265, -0.2332 0.0419 0.1845 -0.5692 -0.0554 0.16 0.03
